0.01,0.02,0.03,0.04,0.049999997,0.059999995,0.07,0.08,0.089999996,0.099999994,0.10999999,0.12,0.13,0.14,0.15,0.16,0.17,0.18,0.19,0.2,0.21,0.22,0.23,0.24,0.25,0.26,0.26999998,0.27999997,0.29,0.29999998,0.30999997,0.32,0.32999998,0.33999997,0.35,0.35999998,0.36999997,0.38,0.39,0.39999998,0.40999997,0.42,0.42999998,0.43999997,0.45,0.45999998,0.46999997,0.48,0.48999998,0.49999997,0.51,0.52,0.53,0.53999996,0.54999995,0.56,0.57,0.58,0.59,0.59999996,0.60999995,0.62,0.63,0.64,0.65,0.65999997,0.66999996,0.67999995,0.69,0.7,0.71,0.71999997,0.72999996,0.73999995,0.75,0.76,0.77,0.78,0.78999996,0.79999995,0.80999994,0.82,0.83,0.84,0.84999996,0.85999995,0.86999995,0.88,0.89,0.9,0.90999997,0.91999996,0.92999995,0.94,0.95,0.96,0.96999997,0.97999996,0.98999995,0.99999994,1.01,1.02,1.03,1.04,1.05,1.06,1.0699999,1.0799999,1.0899999,1.1,1.11,1.12,1.13,1.14,1.15,1.16,1.17,1.18,1.1899999,1.1999999,1.2099999,1.2199999,1.23,1.24,1.25,1.26,1.27,1.28,1.29,1.3,1.31,1.3199999,1.3299999,1.3399999,1.3499999,1.36,1.37,1.38,1.39,1.4,1.41,1.42,1.43,1.4399999,1.4499999,1.4599999,1.4699999,1.4799999,1.49,1.5,1.51,1.52,1.53,1.54,1.55,1.56,1.5699999,1.5799999,1.5899999,1.5999999,1.6099999,1.62,1.63,1.64,1.65,1.66,1.67,1.68,1.6899999,1.6999999,1.7099999,1.7199999,1.7299999,1.74,1.75,1.76,1.77,1.78,1.79,1.8,1.81,1.8199999,1.8299999,1.8399999,1.8499999,1.8599999,1.87,1.88,1.89,1.9,1.91,1.92,1.93,1.9399999,1.9499999,1.9599999,1.9699999,1.9799999,1.9899999,2.0,2.01,2.02,2.0300002,2.04,2.0500002,2.06,2.0700002,2.08,2.0900002,2.1,2.1100001,2.12,2.13,2.1399999,2.15,2.16,2.17,2.18,2.19,2.2,2.21,2.22,2.23,2.24,2.25,2.26,2.27,2.2800002,2.29,2.3000002,2.31,2.3200002,2.33,2.3400002,2.35,2.3600001,2.37,2.38,2.3899999,2.4,2.41,2.42,2.43,2.44,2.45,2.46,2.47,2.48,2.49,2.5,2.51,2.52,2.5300002,2.54,2.5500002,2.56,2.5700002,2.58,2.5900002,2.6,2.6100001,2.62,2.63,2.6399999,2.65,2.66,2.67,2.68,2.69,2.7,2.71,2.72,2.73,2.74,2.75,2.76,2.77,2.78,2.79,2.8000002,2.81,2.8200002,2.83,2.8400002,2.85,2.8600001,2.87,2.88,2.8899999,2.9,2.9099998,2.92,2.93,2.94,2.95,2.96,2.97,2.98,2.99,3.0,3.01,3.02,3.03,3.04,3.05,3.06,3.07,3.08,3.0900002,3.1,3.1100001,3.12,3.13,3.14,3.15,3.16,3.17,3.18,3.19,3.2,3.21,3.22,3.23,3.24,3.25,3.26,3.27,3.28,3.29,3.3,3.31,3.32,3.33,3.3400002,3.35,3.3600001,3.37,3.38,3.3899999,3.4,3.41,3.42,3.43,3.44,3.45,3.46,3.47,3.48,3.49,3.5,3.51,3.52,3.53,3.54,3.55,3.56,3.57,3.58,3.59,3.6,3.6100001,3.62,3.63,3.64,3.65,3.66,3.67,3.68,3.69,3.7,3.71,3.72,3.73,3.74,3.75,3.76,3.77,3.78,3.79,3.8,3.81,3.82,3.83,3.84,3.85,3.86,3.87,3.88,3.89,3.9,3.91,3.92,3.93,3.94,3.95,3.96,3.97,3.98,3.99,4.0
0.01,0.02,0.03,0.04,0.049999997,0.059999995,0.07,0.08,0.089999996,0.099999994,0.10999999,0.12,0.13,0.14,0.15,0.16,0.17,0.18,0.19,0.2,0.21,0.22,0.23,0.24,0.25,0.26,0.26999998,0.27999997,0.29,0.29999998,0.30999997,0.32,0.32999998,0.33999997,0.35,0.35999998,0.36999997,0.38,0.39,0.39999998,0.40999997,0.42,0.42999998,0.43999997,0.45,0.45999998,0.46999997,0.48,0.48999998,0.49999997,0.51,0.52,0.53,0.53999996,0.54999995,0.56,0.57,0.58,0.59,0.59999996,0.60999995,0.62,0.63,0.64,0.65,0.65999997,0.66999996,0.67999995,0.69,0.7,0.71,0.71999997,0.72999996,0.73999995,0.75,0.76,0.77,0.78,0.78999996,0.79999995,0.80999994,0.82,0.83,0.84,0.84999996,0.85999995,0.86999995,0.88,0.89,0.9,0.90999997,0.91999996,0.92999995,0.94,0.95,0.96,0.96999997,0.97999996,0.98999995,0.99999994,1.01,1.02,1.03,1.04,1.05,1.06,1.0699999,1.0799999,1.0899999,1.1,1.11,1.12,1.13,1.14,1.15,1.16,1.17,1.18,1.1899999,1.1999999,1.2099999,1.2199999,1.23,1.24,1.25,1.26,1.27,1.28,1.29,1.3,1.31,1.3199999,1.3299999,1.3399999,1.3499999,1.36,1.37,1.38,1.39,1.4,1.41,1.42,1.43,1.4399999,1.4499999,1.4599999,1.4699999,1.4799999,1.49,1.5,1.51,1.52,1.53,1.54,1.55,1.56,1.5699999,1.5799999,1.5899999,1.5999999,1.6099999,1.62,1.63,1.64,1.65,1.66,1.67,1.68,1.6899999,1.6999999,1.7099999,1.7199999,1.7299999,1.74,1.75,1.76,1.77,1.78,1.79,1.8,1.81,1.8199999,1.8299999,1.8399999,1.8499999,1.8599999,1.87,1.88,1.89,1.9,1.91,1.92,1.93,1.9399999,1.9499999,1.9599999,1.9699999,1.9799999,1.9899999,2.0,2.01,2.02,2.0300002,2.04,2.0500002,2.06,2.0700002,2.08,2.0900002,2.1,2.1100001,2.12,2.13,2.1399999,2.15,2.16,2.17,2.18,2.19,2.2,2.21,2.22,2.23,2.24,2.25,2.26,2.27,2.2800002,2.29,2.3000002,2.31,2.3200002,2.33,2.3400002,2.35,2.3600001,2.37,2.38,2.3899999,2.4,2.41,2.42,2.43,2.44,2.45,2.46,2.47,2.48,2.49,2.5,2.51,2.52,2.5300002,2.54,2.5500002,2.56,2.5700002,2.58,2.5900002,2.6,2.6100001,2.62,2.63,2.6399999,2.65,2.66,2.67,2.68,2.69,2.7,2.71,2.72,2.73,2.74,2.75,2.76,2.77,2.78,2.79,2.8000002,2.81,2.8200002,2.83,2.8400002,2.85,2.8600001,2.87,2.88,2.8899999,2.9,2.9099998,2.92,2.93,2.94,2.95,2.96,2.97,2.98,2.99,3.0,3.01,3.02,3.03,3.04,3.05,3.06,3.07,3.08,3.0900002,3.1,3.1100001,3.12,3.13,3.14,3.15,3.16,3.17,3.18,3.19,3.2,3.21,3.22,3.23,3.24,3.25,3.26,3.27,3.28,3.29,3.3,3.31,3.32,3.33,3.3400002,3.35,3.3600001,3.37,3.38,3.3899999,3.4,3.41,3.42,3.43,3.44,3.45,3.46,3.47,3.48,3.49,3.5,3.51,3.52,3.53,3.54,3.55,3.56,3.57,3.58,3.59,3.6,3.6100001,3.62,3.63,3.64,3.65,3.66,3.67,3.68,3.69,3.7,3.71,3.72,3.73,3.74,3.75,3.76,3.77,3.78,3.79,3.8,3.81,3.82,3.83,3.84,3.85,3.86,3.87,3.88,3.89,3.9,3.91,3.92,3.93,3.94,3.95,3.96,3.97,3.98,3.99,4.0
0.01,0.02,0.03,0.04,0.049999997,0.059999995,0.07,0.08,0.089999996,0.099999994,0.10999999,0.12,0.13,0.14,0.15,0.16,0.17,0.18,0.19,0.2,0.21,0.22,0.23,0.24,0.25,0.26,0.26999998,0.27999997,0.29,0.29999998,0.30999997,0.32,0.32999998,0.33999997,0.35,0.35999998,0.36999997,0.38,0.39,0.39999998,0.40999997,0.42,0.42999998,0.43999997,0.45,0.45999998,0.46999997,0.48,0.48999998,0.49999997,0.51,0.52,0.53,0.53999996,0.54999995,0.56,0.57,0.58,0.59,0.59999996,0.60999995,0.62,0.63,0.64,0.65,0.65999997,0.66999996,0.67999995,0.69,0.7,0.71,0.71999997,0.72999996,0.73999995,0.75,0.76,0.77,0.78,0.78999996,0.79999995,0.80999994,0.82,0.83,0.84,0.84999996,0.85999995,0.86999995,0.88,0.89,0.9,0.90999997,0.91999996,0.92999995,0.94,0.95,0.96,0.96999997,0.97999996,0.98999995,0.99999994,1.01,1.02,1.03,1.04,1.05,1.06,1.0699999,1.0799999,1.0899999,1.1,1.11,1.12,1.13,1.14,1.15,1.16,1.17,1.18,1.1899999,1.1999999,1.2099999,1.2199999,1.23,1.24,1.25,1.26,1.27,1.28,1.29,1.3,1.31,1.3199999,1.3299999,1.3399999,1.3499999,1.36,1.37,1.38,1.39,1.4,1.41,1.42,1.43,1.4399999,1.4499999,1.4599999,1.4699999,1.4799999,1.49,1.5,1.51,1.52,1.53,1.54,1.55,1.56,1.5699999,1.5799999,1.5899999,1.5999999,1.6099999,1.62,1.63,1.64,1.65,1.66,1.67,1.68,1.6899999,1.6999999,1.7099999,1.7199999,1.7299999,1.74,1.75,1.76,1.77,1.78,1.79,1.8,1.81,1.8199999,1.8299999,1.8399999,1.8499999,1.8599999,1.87,1.88,1.89,1.9,1.91,1.92,1.93,1.9399999,1.9499999,1.9599999,1.9699999,1.9799999,1.9899999,2.0,2.01,2.02,2.0300002,2.04,2.0500002,2.06,2.0700002,2.08,2.0900002,2.1,2.1100001,2.12,2.13,2.1399999,2.15,2.16,2.17,2.18,2.19,2.2,2.21,2.22,2.23,2.24,2.25,2.26,2.27,2.2800002,2.29,2.3000002,2.31,2.3200002,2.33,2.3400002,2.35,2.3600001,2.37,2.38,2.3899999,2.4,2.41,2.42,2.43,2.44,2.45,2.46,2.47,2.48,2.49,2.5,2.51,2.52,2.5300002,2.54,2.5500002,2.56,2.5700002,2.58,2.5900002,2.6,2.6100001,2.62,2.63,2.6399999,2.65,2.66,2.67,2.68,2.69,2.7,2.71,2.72,2.73,2.74,2.75,2.76,2.77,2.78,2.79,2.8000002,2.81,2.8200002,2.83,2.8400002,2.85,2.8600001,2.87,2.88,2.8899999,2.9,2.9099998,2.92,2.93,2.94,2.95,2.96,2.97,2.98,2.99,3.0,3.01,3.02,3.03,3.04,3.05,3.06,3.07,3.08,3.0900002,3.1,3.1100001,3.12,3.13,3.14,3.15,3.16,3.17,3.18,3.19,3.2,3.21,3.22,3.23,3.24,3.25,3.26,3.27,3.28,3.29,3.3,3.31,3.32,3.33,3.3400002,3.35,3.3600001,3.37,3.38,3.3899999,3.4,3.41,3.42,3.43,3.44,3.45,3.46,3.47,3.48,3.49,3.5,3.51,3.52,3.53,3.54,3.55,3.56,3.57,3.58,3.59,3.6,3.6100001,3.62,3.63,3.64,3.65,3.66,3.67,3.68,3.69,3.7,3.71,3.72,3.73,3.74,3.75,3.76,3.77,3.78,3.79,3.8,3.81,3.82,3.83,3.84,3.85,3.86,3.87,3.88,3.89,3.9,3.91,3.92,3.93,3.94,3.95,3.96,3.97,3.98,3.99,4.0
0.01,0.02,0.03,0.04,0.049999997,0.059999995,0.07,0.08,0.089999996,0.099999994,0.10999999,0.12,0.13,0.14,0.15,0.16,0.17,0.18,0.19,0.2,0.21,0.22,0.23,0.24,0.25,0.26,0.26999998,0.27999997,0.29,0.29999998,0.30999997,0.32,0.32999998,0.33999997,0.35,0.35999998,0.36999997,0.38,0.39,0.39999998,0.40999997,0.42,0.42999998,0.43999997,0.45,0.45999998,0.46999997,0.48,0.48999998,0.49999997,0.51,0.52,0.53,0.53999996,0.54999995,0.56,0.57,0.58,0.59,0.59999996,0.60999995,0.62,0.63,0.64,0.65,0.65999997,0.66999996,0.67999995,0.69,0.7,0.71,0.71999997,0.72999996,0.73999995,0.75,0.76,0.77,0.78,0.78999996,0.79999995,0.80999994,0.82,0.83,0.84,0.84999996,0.85999995,0.86999995,0.88,0.89,0.9,0.90999997,0.91999996,0.92999995,0.94,0.95,0.96,0.96999997,0.97999996,0.98999995,0.99999994,1.01,1.02,1.03,1.04,1.05,1.06,1.0699999,1.0799999,1.0899999,1.1,1.11,1.12,1.13,1.14,1.15,1.16,1.17,1.18,1.1899999,1.1999999,1.2099999,1.2199999,1.23,1.24,1.25,1.26,1.27,1.28,1.29,1.3,1.31,1.3199999,1.3299999,1.3399999,1.3499999,1.36,1.37,1.38,1.39,1.4,1.41,1.42,1.43,1.4399999,1.4499999,1.4599999,1.4699999,1.4799999,1.49,1.5,1.51,1.52,1.53,1.54,1.55,1.56,1.5699999,1.5799999,1.5899999,1.5999999,1.6099999,1.62,1.63,1.64,1.65,1.66,1.67,1.68,1.6899999,1.6999999,1.7099999,1.7199999,1.7299999,1.74,1.75,1.76,1.77,1.78,1.79,1.8,1.81,1.8199999,1.8299999,1.8399999,1.8499999,1.8599999,1.87,1.88,1.89,1.9,1.91,1.92,1.93,1.9399999,1.9499999,1.9599999,1.9699999,1.9799999,1.9899999,2.0,2.01,2.02,2.0300002,2.04,2.0500002,2.06,2.0700002,2.08,2.0900002,2.1,2.1100001,2.12,2.13,2.1399999,2.15,2.16,2.17,2.18,2.19,2.2,2.21,2.22,2.23,2.24,2.25,2.26,2.27,2.2800002,2.29,2.3000002,2.31,2.3200002,2.33,2.3400002,2.35,2.3600001,2.37,2.38,2.3899999,2.4,2.41,2.42,2.43,2.44,2.45,2.46,2.47,2.48,2.49,2.5,2.51,2.52,2.5300002,2.54,2.5500002,2.56,2.5700002,2.58,2.5900002,2.6,2.6100001,2.62,2.63,2.6399999,2.65,2.66,2.67,2.68,2.69,2.7,2.71,2.72,2.73,2.74,2.75,2.76,2.77,2.78,2.79,2.8000002,2.81,2.8200002,2.83,2.8400002,2.85,2.8600001,2.87,2.88,2.8899999,2.9,2.9099998,2.92,2.93,2.94,2.95,2.96,2.97,2.98,2.99,3.0,3.01,3.02,3.03,3.04,3.05,3.06,3.07,3.08,3.0900002,3.1,3.1100001,3.12,3.13,3.14,3.15,3.16,3.17,3.18,3.19,3.2,3.21,3.22,3.23,3.24,3.25,3.26,3.27,3.28,3.29,3.3,3.31,3.32,3.33,3.3400002,3.35,3.3600001,3.37,3.38,3.3899999,3.4,3.41,3.42,3.43,3.44,3.45,3.46,3.47,3.48,3.49,3.5,3.51,3.52,3.53,3.54,3.55,3.56,3.57,3.58,3.59,3.6,3.6100001,3.62,3.63,3.64,3.65,3.66,3.67,3.68,3.69,3.7,3.71,3.72,3.73,3.74,3.75,3.76,3.77,3.78,3.79,3.8,3.81,3.82,3.83,3.84,3.85,3.86,3.87,3.88,3.89,3.9,3.91,3.92,3.93,3.94,3.95,3.96,3.97,3.98,3.99,4.0
0.01,0.02,0.03,0.04,0.049999997,0.059999995,0.07,0.08,0.089999996,0.099999994,0.10999999,0.12,0.13,0.14,0.15,0.16,0.17,0.18,0.19,0.2,0.21,0.22,0.23,0.24,0.25,0.26,0.26999998,0.27999997,0.29,0.29999998,0.30999997,0.32,0.32999998,0.33999997,0.35,0.35999998,0.36999997,0.38,0.39,0.39999998,0.40999997,0.42,0.42999998,0.43999997,0.45,0.45999998,0.46999997,0.48,0.48999998,0.49999997,0.51,0.52,0.53,0.53999996,0.54999995,0.56,0.57,0.58,0.59,0.59999996,0.60999995,0.62,0.63,0.64,0.65,0.65999997,0.66999996,0.67999995,0.69,0.7,0.71,0.71999997,0.72999996,0.73999995,0.75,0.76,0.77,0.78,0.78999996,0.79999995,0.80999994,0.82,0.83,0.84,0.84999996,0.85999995,0.86999995,0.88,0.89,0.9,0.90999997,0.91999996,0.92999995,0.94,0.95,0.96,0.96999997,0.97999996,0.98999995,0.99999994,1.01,1.02,1.03,1.04,1.05,1.06,1.0699999,1.0799999,1.0899999,1.1,1.11,1.12,1.13,1.14,1.15,1.16,1.17,1.18,1.1899999,1.1999999,1.2099999,1.2199999,1.23,1.24,1.25,1.26,1.27,1.28,1.29,1.3,1.31,1.3199999,1.3299999,1.3399999,1.3499999,1.36,1.37,1.38,1.39,1.4,1.41,1.42,1.43,1.4399999,1.4499999,1.4599999,1.4699999,1.4799999,1.49,1.5,1.51,1.52,1.53,1.54,1.55,1.56,1.5699999,1.5799999,1.5899999,1.5999999,1.6099999,1.62,1.63,1.64,1.65,1.66,1.67,1.68,1.6899999,1.6999999,1.7099999,1.7199999,1.7299999,1.74,1.75,1.76,1.77,1.78,1.79,1.8,1.81,1.8199999,1.8299999,1.8399999,1.8499999,1.8599999,1.87,1.88,1.89,1.9,1.91,1.92,1.93,1.9399999,1.9499999,1.9599999,1.9699999,1.9799999,1.9899999,2.0,2.01,2.02,2.0300002,2.04,2.0500002,2.06,2.0700002,2.08,2.0900002,2.1,2.1100001,2.12,2.13,2.1399999,2.15,2.16,2.17,2.18,2.19,2.2,2.21,2.22,2.23,2.24,2.25,2.26,2.27,2.2800002,2.29,2.3000002,2.31,2.3200002,2.33,2.3400002,2.35,2.3600001,2.37,2.38,2.3899999,2.4,2.41,2.42,2.43,2.44,2.45,2.46,2.47,2.48,2.49,2.5,2.51,2.52,2.5300002,2.54,2.5500002,2.56,2.5700002,2.58,2.5900002,2.6,2.6100001,2.62,2.63,2.6399999,2.65,2.66,2.67,2.68,2.69,2.7,2.71,2.72,2.73,2.74,2.75,2.76,2.77,2.78,2.79,2.8000002,2.81,2.8200002,2.83,2.8400002,2.85,2.8600001,2.87,2.88,2.8899999,2.9,2.9099998,2.92,2.93,2.94,2.95,2.96,2.97,2.98,2.99,3.0,3.01,3.02,3.03,3.04,3.05,3.06,3.07,3.08,3.0900002,3.1,3.1100001,3.12,3.13,3.14,3.15,3.16,3.17,3.18,3.19,3.2,3.21,3.22,3.23,3.24,3.25,3.26,3.27,3.28,3.29,3.3,3.31,3.32,3.33,3.3400002,3.35,3.3600001,3.37,3.38,3.3899999,3.4,3.41,3.42,3.43,3.44,3.45,3.46,3.47,3.48,3.49,3.5,3.51,3.52,3.53,3.54,3.55,3.56,3.57,3.58,3.59,3.6,3.6100001,3.62,3.63,3.64,3.65,3.66,3.67,3.68,3.69,3.7,3.71,3.72,3.73,3.74,3.75,3.76,3.77,3.78,3.79,3.8,3.81,3.82,3.83,3.84,3.85,3.86,3.87,3.88,3.89,3.9,3.91,3.92,3.93,3.94,3.95,3.96,3.97,3.98,3.99,4.0
0.01,0.02,0.03,0.04,0.049999997,0.059999995,0.07,0.08,0.089999996,0.099999994,0.10999999,0.12,0.13,0.14,0.15,0.16,0.17,0.18,0.19,0.2,0.21,0.22,0.23,0.24,0.25,0.26,0.26999998,0.27999997,0.29,0.29999998,0.30999997,0.32,0.32999998,0.33999997,0.35,0.35999998,0.36999997,0.38,0.39,0.39999998,0.40999997,0.42,0.42999998,0.43999997,0.45,0.45999998,0.46999997,0.48,0.48999998,0.49999997,0.51,0.52,0.53,0.53999996,0.54999995,0.56,0.57,0.58,0.59,0.59999996,0.60999995,0.62,0.63,0.64,0.65,0.65999997,0.66999996,0.67999995,0.69,0.7,0.71,0.71999997,0.72999996,0.73999995,0.75,0.76,0.77,0.78,0.78999996,0.79999995,0.80999994,0.82,0.83,0.84,0.84999996,0.85999995,0.86999995,0.88,0.89,0.9,0.90999997,0.91999996,0.92999995,0.94,0.95,0.96,0.96999997,0.97999996,0.98999995,0.99999994,1.01,1.02,1.03,1.04,1.05,1.06,1.0699999,1.0799999,1.0899999,1.1,1.11,1.12,1.13,1.14,1.15,1.16,1.17,1.18,1.1899999,1.1999999,1.2099999,1.2199999,1.23,1.24,1.25,1.26,1.27,1.28,1.29,1.3,1.31,1.3199999,1.3299999,1.3399999,1.3499999,1.36,1.37,1.38,1.39,1.4,1.41,1.42,1.43,1.4399999,1.4499999,1.4599999,1.4699999,1.4799999,1.49,1.5,1.51,1.52,1.53,1.54,1.55,1.56,1.5699999,1.5799999,1.5899999,1.5999999,1.6099999,1.62,1.63,1.64,1.65,1.66,1.67,1.68,1.6899999,1.6999999,1.7099999,1.7199999,1.7299999,1.74,1.75,1.76,1.77,1.78,1.79,1.8,1.81,1.8199999,1.8299999,1.8399999,1.8499999,1.8599999,1.87,1.88,1.89,1.9,1.91,1.92,1.93,1.9399999,1.9499999,1.9599999,1.9699999,1.9799999,1.9899999,2.0,2.01,2.02,2.0300002,2.04,2.0500002,2.06,2.0700002,2.08,2.0900002,2.1,2.1100001,2.12,2.13,2.1399999,2.15,2.16,2.17,2.18,2.19,2.2,2.21,2.22,2.23,2.24,2.25,2.26,2.27,2.2800002,2.29,2.3000002,2.31,2.3200002,2.33,2.3400002,2.35,2.3600001,2.37,2.38,2.3899999,2.4,2.41,2.42,2.43,2.44,2.45,2.46,2.47,2.48,2.49,2.5,2.51,2.52,2.5300002,2.54,2.5500002,2.56,2.5700002,2.58,2.5900002,2.6,2.6100001,2.62,2.63,2.6399999,2.65,2.66,2.67,2.68,2.69,2.7,2.71,2.72,2.73,2.74,2.75,2.76,2.77,2.78,2.79,2.8000002,2.81,2.8200002,2.83,2.8400002,2.85,2.8600001,2.87,2.88,2.8899999,2.9,2.9099998,2.92,2.93,2.94,2.95,2.96,2.97,2.98,2.99,3.0,3.01,3.02,3.03,3.04,3.05,3.06,3.07,3.08,3.0900002,3.1,3.1100001,3.12,3.13,3.14,3.15,3.16,3.17,3.18,3.19,3.2,3.21,3.22,3.23,3.24,3.25,3.26,3.27,3.28,3.29,3.3,3.31,3.32,3.33,3.3400002,3.35,3.3600001,3.37,3.38,3.3899999,3.4,3.41,3.42,3.43,3.44,3.45,3.46,3.47,3.48,3.49,3.5,3.51,3.52,3.53,3.54,3.55,3.56,3.57,3.58,3.59,3.6,3.6100001,3.62,3.63,3.64,3.65,3.66,3.67,3.68,3.69,3.7,3.71,3.72,3.73,3.74,3.75,3.76,3.77,3.78,3.79,3.8,3.81,3.82,3.83,3.84,3.85,3.86,3.87,3.88,3.89,3.9,3.91,3.92,3.93,3.94,3.95,3.96,3.97,3.98,3.99,4.0
0.01,0.02,0.03,0.04,0.049999997,0.059999995,0.07,0.08,0.089999996,0.099999994,0.10999999,0.12,0.13,0.14,0.15,0.16,0.17,0.18,0.19,0.2,0.21,0.22,0.23,0.24,0.25,0.26,0.26999998,0.27999997,0.29,0.29999998,0.30999997,0.32,0.32999998,0.33999997,0.35,0.35999998,0.36999997,0.38,0.39,0.39999998,0.40999997,0.42,0.42999998,0.43999997,0.45,0.45999998,0.46999997,0.48,0.48999998,0.49999997,0.51,0.52,0.53,0.53999996,0.54999995,0.56,0.57,0.58,0.59,0.59999996,0.60999995,0.62,0.63,0.64,0.65,0.65999997,0.66999996,0.67999995,0.69,0.7,0.71,0.71999997,0.72999996,0.73999995,0.75,0.76,0.77,0.78,0.78999996,0.79999995,0.80999994,0.82,0.83,0.84,0.84999996,0.85999995,0.86999995,0.88,0.89,0.9,0.90999997,0.91999996,0.92999995,0.94,0.95,0.96,0.96999997,0.97999996,0.98999995,0.99999994,1.01,1.02,1.03,1.04,1.05,1.06,1.0699999,1.0799999,1.0899999,1.1,1.11,1.12,1.13,1.14,1.15,1.16,1.17,1.18,1.1899999,1.1999999,1.2099999,1.2199999,1.23,1.24,1.25,1.26,1.27,1.28,1.29,1.3,1.31,1.3199999,1.3299999,1.3399999,1.3499999,1.36,1.37,1.38,1.39,1.4,1.41,1.42,1.43,1.4399999,1.4499999,1.4599999,1.4699999,1.4799999,1.49,1.5,1.51,1.52,1.53,1.54,1.55,1.56,1.5699999,1.5799999,1.5899999,1.5999999,1.6099999,1.62,1.63,1.64,1.65,1.66,1.67,1.68,1.6899999,1.6999999,1.7099999,1.7199999,1.7299999,1.74,1.75,1.76,1.77,1.78,1.79,1.8,1.81,1.8199999,1.8299999,1.8399999,1.8499999,1.8599999,1.87,1.88,1.89,1.9,1.91,1.92,1.93,1.9399999,1.9499999,1.9599999,1.9699999,1.9799999,1.9899999,2.0,2.01,2.02,2.0300002,2.04,2.0500002,2.06,2.0700002,2.08,2.0900002,2.1,2.1100001,2.12,2.13,2.1399999,2.15,2.16,2.17,2.18,2.19,2.2,2.21,2.22,2.23,2.24,2.25,2.26,2.27,2.2800002,2.29,2.3000002,2.31,2.3200002,2.33,2.3400002,2.35,2.3600001,2.37,2.38,2.3899999,2.4,2.41,2.42,2.43,2.44,2.45,2.46,2.47,2.48,2.49,2.5,2.51,2.52,2.5300002,2.54,2.5500002,2.56,2.5700002,2.58,2.5900002,2.6,2.6100001,2.62,2.63,2.6399999,2.65,2.66,2.67,2.68,2.69,2.7,2.71,2.72,2.73,2.74,2.75,2.76,2.77,2.78,2.79,2.8000002,2.81,2.8200002,2.83,2.8400002,2.85,2.8600001,2.87,2.88,2.8899999,2.9,2.9099998,2.92,2.93,2.94,2.95,2.96,2.97,2.98,2.99,3.0,3.01,3.02,3.03,3.04,3.05,3.06,3.07,3.08,3.0900002,3.1,3.1100001,3.12,3.13,3.14,3.15,3.16,3.17,3.18,3.19,3.2,3.21,3.22,3.23,3.24,3.25,3.26,3.27,3.28,3.29,3.3,3.31,3.32,3.33,3.3400002,3.35,3.3600001,3.37,3.38,3.3899999,3.4,3.41,3.42,3.43,3.44,3.45,3.46,3.47,3.48,3.49,3.5,3.51,3.52,3.53,3.54,3.55,3.56,3.57,3.58,3.59,3.6,3.6100001,3.62,3.63,3.64,3.65,3.66,3.67,3.68,3.69,3.7,3.71,3.72,3.73,3.74,3.75,3.76,3.77,3.78,3.79,3.8,3.81,3.82,3.83,3.84,3.85,3.86,3.87,3.88,3.89,3.9,3.91,3.92,3.93,3.94,3.95,3.96,3.97,3.98,3.99,4.0
0.01,0.02,0.03,0.04,0.049999997,0.059999995,0.07,0.08,0.089999996,0.099999994,0.10999999,0.12,0.13,0.14,0.15,0.16,0.17,0.18,0.19,0.2,0.21,0.22,0.23,0.24,0.25,0.26,0.26999998,0.27999997,0.29,0.29999998,0.30999997,0.32,0.32999998,0.33999997,0.35,0.35999998,0.36999997,0.38,0.39,0.39999998,0.40999997,0.42,0.42999998,0.43999997,0.45,0.45999998,0.46999997,0.48,0.48999998,0.49999997,0.51,0.52,0.53,0.53999996,0.54999995,0.56,0.57,0.58,0.59,0.59999996,0.60999995,0.62,0.63,0.64,0.65,0.65999997,0.66999996,0.67999995,0.69,0.7,0.71,0.71999997,0.72999996,0.73999995,0.75,0.76,0.77,0.78,0.78999996,0.79999995,0.80999994,0.82,0.83,0.84,0.84999996,0.85999995,0.86999995,0.88,0.89,0.9,0.90999997,0.91999996,0.92999995,0.94,0.95,0.96,0.96999997,0.97999996,0.98999995,0.99999994,1.01,1.02,1.03,1.04,1.05,1.06,1.0699999,1.0799999,1.0899999,1.1,1.11,1.12,1.13,1.14,1.15,1.16,1.17,1.18,1.1899999,1.1999999,1.2099999,1.2199999,1.23,1.24,1.25,1.26,1.27,1.28,1.29,1.3,1.31,1.3199999,1.3299999,1.3399999,1.3499999,1.36,1.37,1.38,1.39,1.4,1.41,1.42,1.43,1.4399999,1.4499999,1.4599999,1.4699999,1.4799999,1.49,1.5,1.51,1.52,1.53,1.54,1.55,1.56,1.5699999,1.5799999,1.5899999,1.5999999,1.6099999,1.62,1.63,1.64,1.65,1.66,1.67,1.68,1.6899999,1.6999999,1.7099999,1.7199999,1.7299999,1.74,1.75,1.76,1.77,1.78,1.79,1.8,1.81,1.8199999,1.8299999,1.8399999,1.8499999,1.8599999,1.87,1.88,1.89,1.9,1.91,1.92,1.93,1.9399999,1.9499999,1.9599999,1.9699999,1.9799999,1.9899999,2.0,2.01,2.02,2.0300002,2.04,2.0500002,2.06,2.0700002,2.08,2.0900002,2.1,2.1100001,2.12,2.13,2.1399999,2.15,2.16,2.17,2.18,2.19,2.2,2.21,2.22,2.23,2.24,2.25,2.26,2.27,2.2800002,2.29,2.3000002,2.31,2.3200002,2.33,2.3400002,2.35,2.3600001,2.37,2.38,2.3899999,2.4,2.41,2.42,2.43,2.44,2.45,2.46,2.47,2.48,2.49,2.5,2.51,2.52,2.5300002,2.54,2.5500002,2.56,2.5700002,2.58,2.5900002,2.6,2.6100001,2.62,2.63,2.6399999,2.65,2.66,2.67,2.68,2.69,2.7,2.71,2.72,2.73,2.74,2.75,2.76,2.77,2.78,2.79,2.8000002,2.81,2.8200002,2.83,2.8400002,2.85,2.8600001,2.87,2.88,2.8899999,2.9,2.9099998,2.92,2.93,2.94,2.95,2.96,2.97,2.98,2.99,3.0,3.01,3.02,3.03,3.04,3.05,3.06,3.07,3.08,3.0900002,3.1,3.1100001,3.12,3.13,3.14,3.15,3.16,3.17,3.18,3.19,3.2,3.21,3.22,3.23,3.24,3.25,3.26,3.27,3.28,3.29,3.3,3.31,3.32,3.33,3.3400002,3.35,3.3600001,3.37,3.38,3.3899999,3.4,3.41,3.42,3.43,3.44,3.45,3.46,3.47,3.48,3.49,3.5,3.51,3.52,3.53,3.54,3.55,3.56,3.57,3.58,3.59,3.6,3.6100001,3.62,3.63,3.64,3.65,3.66,3.67,3.68,3.69,3.7,3.71,3.72,3.73,3.74,3.75,3.76,3.77,3.78,3.79,3.8,3.81,3.82,3.83,3.84,3.85,3.86,3.87,3.88,3.89,3.9,3.91,3.92,3.93,3.94,3.95,3.96,3.97,3.98,3.99,4.0
0.01,0.02,0.03,0.04,0.049999997,0.059999995,0.07,0.08,0.089999996,0.099999994,0.10999999,0.12,0.13,0.14,0.15,0.16,0.17,0.18,0.19,0.2,0.21,0.22,0.23,0.24,0.25,0.26,0.26999998,0.27999997,0.29,0.29999998,0.30999997,0.32,0.32999998,0.33999997,0.35,0.35999998,0.36999997,0.38,0.39,0.39999998,0.40999997,0.42,0.42999998,0.43999997,0.45,0.45999998,0.46999997,0.48,0.48999998,0.49999997,0.51,0.52,0.53,0.53999996,0.54999995,0.56,0.57,0.58,0.59,0.59999996,0.60999995,0.62,0.63,0.64,0.65,0.65999997,0.66999996,0.67999995,0.69,0.7,0.71,0.71999997,0.72999996,0.73999995,0.75,0.76,0.77,0.78,0.78999996,0.79999995,0.80999994,0.82,0.83,0.84,0.84999996,0.85999995,0.86999995,0.88,0.89,0.9,0.90999997,0.91999996,0.92999995,0.94,0.95,0.96,0.96999997,0.97999996,0.98999995,0.99999994,1.01,1.02,1.03,1.04,1.05,1.06,1.0699999,1.0799999,1.0899999,1.1,1.11,1.12,1.13,1.14,1.15,1.16,1.17,1.18,1.1899999,1.1999999,1.2099999,1.2199999,1.23,1.24,1.25,1.26,1.27,1.28,1.29,1.3,1.31,1.3199999,1.3299999,1.3399999,1.3499999,1.36,1.37,1.38,1.39,1.4,1.41,1.42,1.43,1.4399999,1.4499999,1.4599999,1.4699999,1.4799999,1.49,1.5,1.51,1.52,1.53,1.54,1.55,1.56,1.5699999,1.5799999,1.5899999,1.5999999,1.6099999,1.62,1.63,1.64,1.65,1.66,1.67,1.68,1.6899999,1.6999999,1.7099999,1.7199999,1.7299999,1.74,1.75,1.76,1.77,1.78,1.79,1.8,1.81,1.8199999,1.8299999,1.8399999,1.8499999,1.8599999,1.87,1.88,1.89,1.9,1.91,1.92,1.93,1.9399999,1.9499999,1.9599999,1.9699999,1.9799999,1.9899999,2.0,2.01,2.02,2.0300002,2.04,2.0500002,2.06,2.0700002,2.08,2.0900002,2.1,2.1100001,2.12,2.13,2.1399999,2.15,2.16,2.17,2.18,2.19,2.2,2.21,2.22,2.23,2.24,2.25,2.26,2.27,2.2800002,2.29,2.3000002,2.31,2.3200002,2.33,2.3400002,2.35,2.3600001,2.37,2.38,2.3899999,2.4,2.41,2.42,2.43,2.44,2.45,2.46,2.47,2.48,2.49,2.5,2.51,2.52,2.5300002,2.54,2.5500002,2.56,2.5700002,2.58,2.5900002,2.6,2.6100001,2.62,2.63,2.6399999,2.65,2.66,2.67,2.68,2.69,2.7,2.71,2.72,2.73,2.74,2.75,2.76,2.77,2.78,2.79,2.8000002,2.81,2.8200002,2.83,2.8400002,2.85,2.8600001,2.87,2.88,2.8899999,2.9,2.9099998,2.92,2.93,2.94,2.95,2.96,2.97,2.98,2.99,3.0,3.01,3.02,3.03,3.04,3.05,3.06,3.07,3.08,3.0900002,3.1,3.1100001,3.12,3.13,3.14,3.15,3.16,3.17,3.18,3.19,3.2,3.21,3.22,3.23,3.24,3.25,3.26,3.27,3.28,3.29,3.3,3.31,3.32,3.33,3.3400002,3.35,3.3600001,3.37,3.38,3.3899999,3.4,3.41,3.42,3.43,3.44,3.45,3.46,3.47,3.48,3.49,3.5,3.51,3.52,3.53,3.54,3.55,3.56,3.57,3.58,3.59,3.6,3.6100001,3.62,3.63,3.64,3.65,3.66,3.67,3.68,3.69,3.7,3.71,3.72,3.73,3.74,3.75,3.76,3.77,3.78,3.79,3.8,3.81,3.82,3.83,3.84,3.85,3.86,3.87,3.88,3.89,3.9,3.91,3.92,3.93,3.94,3.95,3.96,3.97,3.98,3.99,4.0
0.01,0.02,0.03,0.04,0.049999997,0.059999995,0.07,0.08,0.089999996,0.099999994,0.10999999,0.12,0.13,0.14,0.15,0.16,0.17,0.18,0.19,0.2,0.21,0.22,0.23,0.24,0.25,0.26,0.26999998,0.27999997,0.29,0.29999998,0.30999997,0.32,0.32999998,0.33999997,0.35,0.35999998,0.36999997,0.38,0.39,0.39999998,0.40999997,0.42,0.42999998,0.43999997,0.45,0.45999998,0.46999997,0.48,0.48999998,0.49999997,0.51,0.52,0.53,0.53999996,0.54999995,0.56,0.57,0.58,0.59,0.59999996,0.60999995,0.62,0.63,0.64,0.65,0.65999997,0.66999996,0.67999995,0.69,0.7,0.71,0.71999997,0.72999996,0.73999995,0.75,0.76,0.77,0.78,0.78999996,0.79999995,0.80999994,0.82,0.83,0.84,0.84999996,0.85999995,0.86999995,0.88,0.89,0.9,0.90999997,0.91999996,0.92999995,0.94,0.95,0.96,0.96999997,0.97999996,0.98999995,0.99999994,1.01,1.02,1.03,1.04,1.05,1.06,1.0699999,1.0799999,1.0899999,1.1,1.11,1.12,1.13,1.14,1.15,1.16,1.17,1.18,1.1899999,1.1999999,1.2099999,1.2199999,1.23,1.24,1.25,1.26,1.27,1.28,1.29,1.3,1.31,1.3199999,1.3299999,1.3399999,1.3499999,1.36,1.37,1.38,1.39,1.4,1.41,1.42,1.43,1.4399999,1.4499999,1.4599999,1.4699999,1.4799999,1.49,1.5,1.51,1.52,1.53,1.54,1.55,1.56,1.5699999,1.5799999,1.5899999,1.5999999,1.6099999,1.62,1.63,1.64,1.65,1.66,1.67,1.68,1.6899999,1.6999999,1.7099999,1.7199999,1.7299999,1.74,1.75,1.76,1.77,1.78,1.79,1.8,1.81,1.8199999,1.8299999,1.8399999,1.8499999,1.8599999,1.87,1.88,1.89,1.9,1.91,1.92,1.93,1.9399999,1.9499999,1.9599999,1.9699999,1.9799999,1.9899999,2.0,2.01,2.02,2.0300002,2.04,2.0500002,2.06,2.0700002,2.08,2.0900002,2.1,2.1100001,2.12,2.13,2.1399999,2.15,2.16,2.17,2.18,2.19,2.2,2.21,2.22,2.23,2.24,2.25,2.26,2.27,2.2800002,2.29,2.3000002,2.31,2.3200002,2.33,2.3400002,2.35,2.3600001,2.37,2.38,2.3899999,2.4,2.41,2.42,2.43,2.44,2.45,2.46,2.47,2.48,2.49,2.5,2.51,2.52,2.5300002,2.54,2.5500002,2.56,2.5700002,2.58,2.5900002,2.6,2.6100001,2.62,2.63,2.6399999,2.65,2.66,2.67,2.68,2.69,2.7,2.71,2.72,2.73,2.74,2.75,2.76,2.77,2.78,2.79,2.8000002,2.81,2.8200002,2.83,2.8400002,2.85,2.8600001,2.87,2.88,2.8899999,2.9,2.9099998,2.92,2.93,2.94,2.95,2.96,2.97,2.98,2.99,3.0,3.01,3.02,3.03,3.04,3.05,3.06,3.07,3.08,3.0900002,3.1,3.1100001,3.12,3.13,3.14,3.15,3.16,3.17,3.18,3.19,3.2,3.21,3.22,3.23,3.24,3.25,3.26,3.27,3.28,3.29,3.3,3.31,3.32,3.33,3.3400002,3.35,3.3600001,3.37,3.38,3.3899999,3.4,3.41,3.42,3.43,3.44,3.45,3.46,3.47,3.48,3.49,3.5,3.51,3.52,3.53,3.54,3.55,3.56,3.57,3.58,3.59,3.6,3.6100001,3.62,3.63,3.64,3.65,3.66,3.67,3.68,3.69,3.7,3.71,3.72,3.73,3.74,3.75,3.76,3.77,3.78,3.79,3.8,3.81,3.82,3.83,3.84,3.85,3.86,3.87,3.88,3.89,3.9,3.91,3.92,3.93,3.94,3.95,3.96,3.97,3.98,3.99,4.0
0.01,0.02,0.03,0.04,0.049999997,0.059999995,0.07,0.08,0.089999996,0.099999994,0.10999999,0.12,0.13,0.14,0.15,0.16,0.17,0.18,0.19,0.2,0.21,0.22,0.23,0.24,0.25,0.26,0.26999998,0.27999997,0.29,0.29999998,0.30999997,0.32,0.32999998,0.33999997,0.35,0.35999998,0.36999997,0.38,0.39,0.39999998,0.40999997,0.42,0.42999998,0.43999997,0.45,0.45999998,0.46999997,0.48,0.48999998,0.49999997,0.51,0.52,0.53,0.53999996,0.54999995,0.56,0.57,0.58,0.59,0.59999996,0.60999995,0.62,0.63,0.64,0.65,0.65999997,0.66999996,0.67999995,0.69,0.7,0.71,0.71999997,0.72999996,0.73999995,0.75,0.76,0.77,0.78,0.78999996,0.79999995,0.80999994,0.82,0.83,0.84,0.84999996,0.85999995,0.86999995,0.88,0.89,0.9,0.90999997,0.91999996,0.92999995,0.94,0.95,0.96,0.96999997,0.97999996,0.98999995,0.99999994,1.01,1.02,1.03,1.04,1.05,1.06,1.0699999,1.0799999,1.0899999,1.1,1.11,1.12,1.13,1.14,1.15,1.16,1.17,1.18,1.1899999,1.1999999,1.2099999,1.2199999,1.23,1.24,1.25,1.26,1.27,1.28,1.29,1.3,1.31,1.3199999,1.3299999,1.3399999,1.3499999,1.36,1.37,1.38,1.39,1.4,1.41,1.42,1.43,1.4399999,1.4499999,1.4599999,1.4699999,1.4799999,1.49,1.5,1.51,1.52,1.53,1.54,1.55,1.56,1.5699999,1.5799999,1.5899999,1.5999999,1.6099999,1.62,1.63,1.64,1.65,1.66,1.67,1.68,1.6899999,1.6999999,1.7099999,1.7199999,1.7299999,1.74,1.75,1.76,1.77,1.78,1.79,1.8,1.81,1.8199999,1.8299999,1.8399999,1.8499999,1.8599999,1.87,1.88,1.89,1.9,1.91,1.92,1.93,1.9399999,1.9499999,1.9599999,1.9699999,1.9799999,1.9899999,2.0,2.01,2.02,2.0300002,2.04,2.0500002,2.06,2.0700002,2.08,2.0900002,2.1,2.1100001,2.12,2.13,2.1399999,2.15,2.16,2.17,2.18,2.19,2.2,2.21,2.22,2.23,2.24,2.25,2.26,2.27,2.2800002,2.29,2.3000002,2.31,2.3200002,2.33,2.3400002,2.35,2.3600001,2.37,2.38,2.3899999,2.4,2.41,2.42,2.43,2.44,2.45,2.46,2.47,2.48,2.49,2.5,2.51,2.52,2.5300002,2.54,2.5500002,2.56,2.5700002,2.58,2.5900002,2.6,2.6100001,2.62,2.63,2.6399999,2.65,2.66,2.67,2.68,2.69,2.7,2.71,2.72,2.73,2.74,2.75,2.76,2.77,2.78,2.79,2.8000002,2.81,2.8200002,2.83,2.8400002,2.85,2.8600001,2.87,2.88,2.8899999,2.9,2.9099998,2.92,2.93,2.94,2.95,2.96,2.97,2.98,2.99,3.0,3.01,3.02,3.03,3.04,3.05,3.06,3.07,3.08,3.0900002,3.1,3.1100001,3.12,3.13,3.14,3.15,3.16,3.17,3.18,3.19,3.2,3.21,3.22,3.23,3.24,3.25,3.26,3.27,3.28,3.29,3.3,3.31,3.32,3.33,3.3400002,3.35,3.3600001,3.37,3.38,3.3899999,3.4,3.41,3.42,3.43,3.44,3.45,3.46,3.47,3.48,3.49,3.5,3.51,3.52,3.53,3.54,3.55,3.56,3.57,3.58,3.59,3.6,3.6100001,3.62,3.63,3.64,3.65,3.66,3.67,3.68,3.69,3.7,3.71,3.72,3.73,3.74,3.75,3.76,3.77,3.78,3.79,3.8,3.81,3.82,3.83,3.84,3.85,3.86,3.87,3.88,3.89,3.9,3.91,3.92,3.93,3.94,3.95,3.96,3.97,3.98,3.99,4.0
0.01,0.02,0.03,0.04,0.049999997,0.059999995,0.07,0.08,0.089999996,0.099999994,0.10999999,0.12,0.13,0.14,0.15,0.16,0.17,0.18,0.19,0.2,0.21,0.22,0.23,0.24,0.25,0.26,0.26999998,0.27999997,0.29,0.29999998,0.30999997,0.32,0.32999998,0.33999997,0.35,0.35999998,0.36999997,0.38,0.39,0.39999998,0.40999997,0.42,0.42999998,0.43999997,0.45,0.45999998,0.46999997,0.48,0.48999998,0.49999997,0.51,0.52,0.53,0.53999996,0.54999995,0.56,0.57,0.58,0.59,0.59999996,0.60999995,0.62,0.63,0.64,0.65,0.65999997,0.66999996,0.67999995,0.69,0.7,0.71,0.71999997,0.72999996,0.73999995,0.75,0.76,0.77,0.78,0.78999996,0.79999995,0.80999994,0.82,0.83,0.84,0.84999996,0.85999995,0.86999995,0.88,0.89,0.9,0.90999997,0.91999996,0.92999995,0.94,0.95,0.96,0.96999997,0.97999996,0.98999995,0.99999994,1.01,1.02,1.03,1.04,1.05,1.06,1.0699999,1.0799999,1.0899999,1.1,1.11,1.12,1.13,1.14,1.15,1.16,1.17,1.18,1.1899999,1.1999999,1.2099999,1.2199999,1.23,1.24,1.25,1.26,1.27,1.28,1.29,1.3,1.31,1.3199999,1.3299999,1.3399999,1.3499999,1.36,1.37,1.38,1.39,1.4,1.41,1.42,1.43,1.4399999,1.4499999,1.4599999,1.4699999,1.4799999,1.49,1.5,1.51,1.52,1.53,1.54,1.55,1.56,1.5699999,1.5799999,1.5899999,1.5999999,1.6099999,1.62,1.63,1.64,1.65,1.66,1.67,1.68,1.6899999,1.6999999,1.7099999,1.7199999,1.7299999,1.74,1.75,1.76,1.77,1.78,1.79,1.8,1.81,1.8199999,1.8299999,1.8399999,1.8499999,1.8599999,1.87,1.88,1.89,1.9,1.91,1.92,1.93,1.9399999,1.9499999,1.9599999,1.9699999,1.9799999,1.9899999,2.0,2.01,2.02,2.0300002,2.04,2.0500002,2.06,2.0700002,2.08,2.0900002,2.1,2.1100001,2.12,2.13,2.1399999,2.15,2.16,2.17,2.18,2.19,2.2,2.21,2.22,2.23,2.24,2.25,2.26,2.27,2.2800002,2.29,2.3000002,2.31,2.3200002,2.33,2.3400002,2.35,2.3600001,2.37,2.38,2.3899999,2.4,2.41,2.42,2.43,2.44,2.45,2.46,2.47,2.48,2.49,2.5,2.51,2.52,2.5300002,2.54,2.5500002,2.56,2.5700002,2.58,2.5900002,2.6,2.6100001,2.62,2.63,2.6399999,2.65,2.66,2.67,2.68,2.69,2.7,2.71,2.72,2.73,2.74,2.75,2.76,2.77,2.78,2.79,2.8000002,2.81,2.8200002,2.83,2.8400002,2.85,2.8600001,2.87,2.88,2.8899999,2.9,2.9099998,2.92,2.93,2.94,2.95,2.96,2.97,2.98,2.99,3.0,3.01,3.02,3.03,3.04,3.05,3.06,3.07,3.08,3.0900002,3.1,3.1100001,3.12,3.13,3.14,3.15,3.16,3.17,3.18,3.19,3.2,3.21,3.22,3.23,3.24,3.25,3.26,3.27,3.28,3.29,3.3,3.31,3.32,3.33,3.3400002,3.35,3.3600001,3.37,3.38,3.3899999,3.4,3.41,3.42,3.43,3.44,3.45,3.46,3.47,3.48,3.49,3.5,3.51,3.52,3.53,3.54,3.55,3.56,3.57,3.58,3.59,3.6,3.6100001,3.62,3.63,3.64,3.65,3.66,3.67,3.68,3.69,3.7,3.71,3.72,3.73,3.74,3.75,3.76,3.77,3.78,3.79,3.8,3.81,3.82,3.83,3.84,3.85,3.86,3.87,3.88,3.89,3.9,3.91,3.92,3.93,3.94,3.95,3.96,3.97,3.98,3.99,4.0
0.01,0.02,0.03,0.04,0.049999997,0.059999995,0.07,0.08,0.089999996,0.099999994,0.10999999,0.12,0.13,0.14,0.15,0.16,0.17,0.18,0.19,0.2,0.21,0.22,0.23,0.24,0.25,0.26,0.26999998,0.27999997,0.29,0.29999998,0.30999997,0.32,0.32999998,0.33999997,0.35,0.35999998,0.36999997,0.38,0.39,0.39999998,0.40999997,0.42,0.42999998,0.43999997,0.45,0.45999998,0.46999997,0.48,0.48999998,0.49999997,0.51,0.52,0.53,0.53999996,0.54999995,0.56,0.57,0.58,0.59,0.59999996,0.60999995,0.62,0.63,0.64,0.65,0.65999997,0.66999996,0.67999995,0.69,0.7,0.71,0.71999997,0.72999996,0.73999995,0.75,0.76,0.77,0.78,0.78999996,0.79999995,0.80999994,0.82,0.83,0.84,0.84999996,0.85999995,0.86999995,0.88,0.89,0.9,0.90999997,0.91999996,0.92999995,0.94,0.95,0.96,0.96999997,0.97999996,0.98999995,0.99999994,1.01,1.02,1.03,1.04,1.05,1.06,1.0699999,1.0799999,1.0899999,1.1,1.11,1.12,1.13,1.14,1.15,1.16,1.17,1.18,1.1899999,1.1999999,1.2099999,1.2199999,1.23,1.24,1.25,1.26,1.27,1.28,1.29,1.3,1.31,1.3199999,1.3299999,1.3399999,1.3499999,1.36,1.37,1.38,1.39,1.4,1.41,1.42,1.43,1.4399999,1.4499999,1.4599999,1.4699999,1.4799999,1.49,1.5,1.51,1.52,1.53,1.54,1.55,1.56,1.5699999,1.5799999,1.5899999,1.5999999,1.6099999,1.62,1.63,1.64,1.65,1.66,1.67,1.68,1.6899999,1.6999999,1.7099999,1.7199999,1.7299999,1.74,1.75,1.76,1.77,1.78,1.79,1.8,1.81,1.8199999,1.8299999,1.8399999,1.8499999,1.8599999,1.87,1.88,1.89,1.9,1.91,1.92,1.93,1.9399999,1.9499999,1.9599999,1.9699999,1.9799999,1.9899999,2.0,2.01,2.02,2.0300002,2.04,2.0500002,2.06,2.0700002,2.08,2.0900002,2.1,2.1100001,2.12,2.13,2.1399999,2.15,2.16,2.17,2.18,2.19,2.2,2.21,2.22,2.23,2.24,2.25,2.26,2.27,2.2800002,2.29,2.3000002,2.31,2.3200002,2.33,2.3400002,2.35,2.3600001,2.37,2.38,2.3899999,2.4,2.41,2.42,2.43,2.44,2.45,2.46,2.47,2.48,2.49,2.5,2.51,2.52,2.5300002,2.54,2.5500002,2.56,2.5700002,2.58,2.5900002,2.6,2.6100001,2.62,2.63,2.6399999,2.65,2.66,2.67,2.68,2.69,2.7,2.71,2.72,2.73,2.74,2.75,2.76,2.77,2.78,2.79,2.8000002,2.81,2.8200002,2.83,2.8400002,2.85,2.8600001,2.87,2.88,2.8899999,2.9,2.9099998,2.92,2.93,2.94,2.95,2.96,2.97,2.98,2.99,3.0,3.01,3.02,3.03,3.04,3.05,3.06,3.07,3.08,3.0900002,3.1,3.1100001,3.12,3.13,3.14,3.15,3.16,3.17,3.18,3.19,3.2,3.21,3.22,3.23,3.24,3.25,3.26,3.27,3.28,3.29,3.3,3.31,3.32,3.33,3.3400002,3.35,3.3600001,3.37,3.38,3.3899999,3.4,3.41,3.42,3.43,3.44,3.45,3.46,3.47,3.48,3.49,3.5,3.51,3.52,3.53,3.54,3.55,3.56,3.57,3.58,3.59,3.6,3.6100001,3.62,3.63,3.64,3.65,3.66,3.67,3.68,3.69,3.7,3.71,3.72,3.73,3.74,3.75,3.76,3.77,3.78,3.79,3.8,3.81,3.82,3.83,3.84,3.85,3.86,3.87,3.88,3.89,3.9,3.91,3.92,3.93,3.94,3.95,3.96,3.97,3.98,3.99,4.0
0.01,0.02,0.03,0.04,0.049999997,0.059999995,0.07,0.08,0.089999996,0.099999994,0.10999999,0.12,0.13,0.14,0.15,0.16,0.17,0.18,0.19,0.2,0.21,0.22,0.23,0.24,0.25,0.26,0.26999998,0.27999997,0.29,0.29999998,0.30999997,0.32,0.32999998,0.33999997,0.35,0.35999998,0.36999997,0.38,0.39,0.39999998,0.40999997,0.42,0.42999998,0.43999997,0.45,0.45999998,0.46999997,0.48,0.48999998,0.49999997,0.51,0.52,0.53,0.53999996,0.54999995,0.56,0.57,0.58,0.59,0.59999996,0.60999995,0.62,0.63,0.64,0.65,0.65999997,0.66999996,0.67999995,0.69,0.7,0.71,0.71999997,0.72999996,0.73999995,0.75,0.76,0.77,0.78,0.78999996,0.79999995,0.80999994,0.82,0.83,0.84,0.84999996,0.85999995,0.86999995,0.88,0.89,0.9,0.90999997,0.91999996,0.92999995,0.94,0.95,0.96,0.96999997,0.97999996,0.98999995,0.99999994,1.01,1.02,1.03,1.04,1.05,1.06,1.0699999,1.0799999,1.0899999,1.1,1.11,1.12,1.13,1.14,1.15,1.16,1.17,1.18,1.1899999,1.1999999,1.2099999,1.2199999,1.23,1.24,1.25,1.26,1.27,1.28,1.29,1.3,1.31,1.3199999,1.3299999,1.3399999,1.3499999,1.36,1.37,1.38,1.39,1.4,1.41,1.42,1.43,1.4399999,1.4499999,1.4599999,1.4699999,1.4799999,1.49,1.5,1.51,1.52,1.53,1.54,1.55,1.56,1.5699999,1.5799999,1.5899999,1.5999999,1.6099999,1.62,1.63,1.64,1.65,1.66,1.67,1.68,1.6899999,1.6999999,1.7099999,1.7199999,1.7299999,1.74,1.75,1.76,1.77,1.78,1.79,1.8,1.81,1.8199999,1.8299999,1.8399999,1.8499999,1.8599999,1.87,1.88,1.89,1.9,1.91,1.92,1.93,1.9399999,1.9499999,1.9599999,1.9699999,1.9799999,1.9899999,2.0,2.01,2.02,2.0300002,2.04,2.0500002,2.06,2.0700002,2.08,2.0900002,2.1,2.1100001,2.12,2.13,2.1399999,2.15,2.16,2.17,2.18,2.19,2.2,2.21,2.22,2.23,2.24,2.25,2.26,2.27,2.2800002,2.29,2.3000002,2.31,2.3200002,2.33,2.3400002,2.35,2.3600001,2.37,2.38,2.3899999,2.4,2.41,2.42,2.43,2.44,2.45,2.46,2.47,2.48,2.49,2.5,2.51,2.52,2.5300002,2.54,2.5500002,2.56,2.5700002,2.58,2.5900002,2.6,2.6100001,2.62,2.63,2.6399999,2.65,2.66,2.67,2.68,2.69,2.7,2.71,2.72,2.73,2.74,2.75,2.76,2.77,2.78,2.79,2.8000002,2.81,2.8200002,2.83,2.8400002,2.85,2.8600001,2.87,2.88,2.8899999,2.9,2.9099998,2.92,2.93,2.94,2.95,2.96,2.97,2.98,2.99,3.0,3.01,3.02,3.03,3.04,3.05,3.06,3.07,3.08,3.0900002,3.1,3.1100001,3.12,3.13,3.14,3.15,3.16,3.17,3.18,3.19,3.2,3.21,3.22,3.23,3.24,3.25,3.26,3.27,3.28,3.29,3.3,3.31,3.32,3.33,3.3400002,3.35,3.3600001,3.37,3.38,3.3899999,3.4,3.41,3.42,3.43,3.44,3.45,3.46,3.47,3.48,3.49,3.5,3.51,3.52,3.53,3.54,3.55,3.56,3.57,3.58,3.59,3.6,3.6100001,3.62,3.63,3.64,3.65,3.66,3.67,3.68,3.69,3.7,3.71,3.72,3.73,3.74,3.75,3.76,3.77,3.78,3.79,3.8,3.81,3.82,3.83,3.84,3.85,3.86,3.87,3.88,3.89,3.9,3.91,3.92,3.93,3.94,3.95,3.96,3.97,3.98,3.99,4.0
0.01,0.02,0.03,0.04,0.049999997,0.059999995,0.07,0.08,0.089999996,0.099999994,0.10999999,0.12,0.13,0.14,0.15,0.16,0.17,0.18,0.19,0.2,0.21,0.22,0.23,0.24,0.25,0.26,0.26999998,0.27999997,0.29,0.29999998,0.30999997,0.32,0.32999998,0.33999997,0.35,0.35999998,0.36999997,0.38,0.39,0.39999998,0.40999997,0.42,0.42999998,0.43999997,0.45,0.45999998,0.46999997,0.48,0.48999998,0.49999997,0.51,0.52,0.53,0.53999996,0.54999995,0.56,0.57,0.58,0.59,0.59999996,0.60999995,0.62,0.63,0.64,0.65,0.65999997,0.66999996,0.67999995,0.69,0.7,0.71,0.71999997,0.72999996,0.73999995,0.75,0.76,0.77,0.78,0.78999996,0.79999995,0.80999994,0.82,0.83,0.84,0.84999996,0.85999995,0.86999995,0.88,0.89,0.9,0.90999997,0.91999996,0.92999995,0.94,0.95,0.96,0.96999997,0.97999996,0.98999995,0.99999994,1.01,1.02,1.03,1.04,1.05,1.06,1.0699999,1.0799999,1.0899999,1.1,1.11,1.12,1.13,1.14,1.15,1.16,1.17,1.18,1.1899999,1.1999999,1.2099999,1.2199999,1.23,1.24,1.25,1.26,1.27,1.28,1.29,1.3,1.31,1.3199999,1.3299999,1.3399999,1.3499999,1.36,1.37,1.38,1.39,1.4,1.41,1.42,1.43,1.4399999,1.4499999,1.4599999,1.4699999,1.4799999,1.49,1.5,1.51,1.52,1.53,1.54,1.55,1.56,1.5699999,1.5799999,1.5899999,1.5999999,1.6099999,1.62,1.63,1.64,1.65,1.66,1.67,1.68,1.6899999,1.6999999,1.7099999,1.7199999,1.7299999,1.74,1.75,1.76,1.77,1.78,1.79,1.8,1.81,1.8199999,1.8299999,1.8399999,1.8499999,1.8599999,1.87,1.88,1.89,1.9,1.91,1.92,1.93,1.9399999,1.9499999,1.9599999,1.9699999,1.9799999,1.9899999,2.0,2.01,2.02,2.0300002,2.04,2.0500002,2.06,2.0700002,2.08,2.0900002,2.1,2.1100001,2.12,2.13,2.1399999,2.15,2.16,2.17,2.18,2.19,2.2,2.21,2.22,2.23,2.24,2.25,2.26,2.27,2.2800002,2.29,2.3000002,2.31,2.3200002,2.33,2.3400002,2.35,2.3600001,2.37,2.38,2.3899999,2.4,2.41,2.42,2.43,2.44,2.45,2.46,2.47,2.48,2.49,2.5,2.51,2.52,2.5300002,2.54,2.5500002,2.56,2.5700002,2.58,2.5900002,2.6,2.6100001,2.62,2.63,2.6399999,2.65,2.66,2.67,2.68,2.69,2.7,2.71,2.72,2.73,2.74,2.75,2.76,2.77,2.78,2.79,2.8000002,2.81,2.8200002,2.83,2.8400002,2.85,2.8600001,2.87,2.88,2.8899999,2.9,2.9099998,2.92,2.93,2.94,2.95,2.96,2.97,2.98,2.99,3.0,3.01,3.02,3.03,3.04,3.05,3.06,3.07,3.08,3.0900002,3.1,3.1100001,3.12,3.13,3.14,3.15,3.16,3.17,3.18,3.19,3.2,3.21,3.22,3.23,3.24,3.25,3.26,3.27,3.28,3.29,3.3,3.31,3.32,3.33,3.3400002,3.35,3.3600001,3.37,3.38,3.3899999,3.4,3.41,3.42,3.43,3.44,3.45,3.46,3.47,3.48,3.49,3.5,3.51,3.52,3.53,3.54,3.55,3.56,3.57,3.58,3.59,3.6,3.6100001,3.62,3.63,3.64,3.65,3.66,3.67,3.68,3.69,3.7,3.71,3.72,3.73,3.74,3.75,3.76,3.77,3.78,3.79,3.8,3.81,3.82,3.83,3.84,3.85,3.86,3.87,3.88,3.89,3.9,3.91,3.92,3.93,3.94,3.95,3.96,3.97,3.98,3.99,4.0
